{"cameraMode":{"drawMode":0,"name":"Shaded","section":"Shading Mode"},"sceneLighting":false,"audioPlay":false,"sceneViewState":{"showFog":false,"showMaterialUpdate":false,"showSkybox":false,"showFlares":false,"showImageEffects":false,"showParticleSystems":false},"in2DMode":false,"pivot":{"x":-4.199999809265137,"y":1.2269999980926514,"z":-4.256372928619385},"rotation":{"x":0.2286902517080307,"y":-0.49311012029647829,"z":0.1361529529094696,"w":0.8282563090324402},"size":1.3088395595550538,"orthographic":false}