{"cameraMode":{"drawMode":0,"name":"Shaded","section":"Shading Mode"},"sceneLighting":false,"audioPlay":false,"sceneViewState":{"showFog":false,"showMaterialUpdate":false,"showSkybox":false,"showFlares":false,"showImageEffects":false,"showParticleSystems":false},"in2DMode":false,"pivot":{"x":-0.22769695520401,"y":2.0591444969177248,"z":0.03526225686073303},"rotation":{"x":-0.013979827053844929,"y":-0.9858933687210083,"z":0.1257840096950531,"w":-0.10959187895059586},"size":0.7862779498100281,"orthographic":false}